Play,Type,Bnt,Fl,Loc,B,R2,Count,Probability,New Outs,Runs
Strikeout,-,-,-,-,Out,2nd,674, 17.89%,1,0
Walk,-,-,-,-,1st,2nd,362,  9.61%,0,0
Generic out,Grounder,-,-,34,Out,3rd,128,  3.40%,1,0
Generic out,Grounder,-,-,6,Out,2nd,87,  2.31%,1,0
Generic out,Grounder,-,-,4,Out,3rd,75,  1.99%,1,0
Generic out,Grounder,-,-,3,Out,3rd,72,  1.91%,1,0
Generic out,Grounder,-,-,56,Out,2nd,69,  1.83%,1,0
Wild pitch,-,-,-,-,Stays,3rd,57,  1.51%,0,0
Hit by pitch,-,-,-,-,1st,2nd,56,  1.49%,0,0
Intentional walk,-,-,-,-,1st,2nd,45,  1.19%,0,0
Generic out,Grounder,-,-,6,Out,3rd,41,  1.09%,1,0
Generic out,Grounder,Y,-,2,Out,3rd,39,  1.04%,1,0
Generic out,Fly,-,-,8XD,Out,3rd,33,  0.88%,1,0
Generic out,Grounder,Y,-,1S,Out,3rd,33,  0.88%,1,0
Generic out,Grounder,-,-,5,Out,2nd,31,  0.82%,1,0
Single,Liner,-,-,8,1st,3rd,27,  0.72%,0,0
Generic out,Fly,-,-,78D,Out,2nd,25,  0.66%,1,0
Generic out,Grounder,Y,-,25,Out,3rd,25,  0.66%,1,0
Single,Grounder,-,-,34,1st,3rd,25,  0.66%,0,0
Generic out,Fly,-,-,9D,Out,3rd,24,  0.64%,1,0
Generic out,Grounder,-,-,56S,Out,2nd,22,  0.58%,1,0
Generic out,Fly,-,-,78,Out,2nd,22,  0.58%,1,0
Generic out,Fly,-,-,89XD,Out,3rd,20,  0.53%,1,0
Generic out,Fly,-,-,8,Out,2nd,20,  0.53%,1,0
Single,Liner,-,-,9,1st,3rd,20,  0.53%,0,0
Generic out,Grounder,-,-,6M,Out,3rd,19,  0.50%,1,0
Generic out,Fly,-,-,89,Out,2nd,18,  0.48%,1,0
Generic out,Grounder,-,-,4M,Out,3rd,18,  0.48%,1,0
Single,Grounder,-,-,34,1st,Score,18,  0.48%,0,1
Home run,Fly,-,-,9D,Score,Score,18,  0.48%,0,2
Generic out,Fly,-,-,8D,Out,2nd,18,  0.48%,1,0
Single,Grounder,-,-,6,1st,3rd,17,  0.45%,0,0
Single,Grounder,-,-,4,1st,Score,17,  0.45%,0,1
Single,Liner,-,-,9S,1st,3rd,17,  0.45%,0,0
Single,Grounder,-,-,56,1st,3rd,17,  0.45%,0,0
Generic out,Liner,-,-,8D,Out,2nd,17,  0.45%,1,0
Single,Liner,-,-,7,1st,3rd,16,  0.42%,0,0
Single,Grounder,-,-,4M,1st,Score,15,  0.40%,0,1
Generic out,Liner,-,-,9D,Out,3rd,15,  0.40%,1,0
Home run,Fly,-,-,78XD,Score,Score,15,  0.40%,0,2
Generic out,Fly,-,-,7D,Out,2nd,15,  0.40%,1,0
Generic out,Grounder,Y,-,23,Out,3rd,14,  0.37%,1,0
Generic out,Fly,-,-,89D,Out,3rd,14,  0.37%,1,0
Home run,Fly,-,-,7D,Score,Score,14,  0.37%,0,2
Stolen base,-,-,-,-,Stays,3rd,14,  0.37%,0,0
Single,Grounder,-,-,6M,1st,Score,13,  0.35%,0,1
Home run,Fly,-,-,9LD,Score,Score,13,  0.35%,0,2
Generic out,Liner,-,-,7,Out,2nd,13,  0.35%,1,0
Generic out,Liner,-,-,7D,Out,2nd,13,  0.35%,1,0
Fielder's choice,Grounder,-,-,6,1st,Out,13,  0.35%,1,0
Generic out,Liner,-,-,78,Out,2nd,13,  0.35%,1,0
Generic out,Fly,-,-,8S,Out,2nd,13,  0.35%,1,0
Single,Grounder,Y,-,2,1st,3rd,12,  0.32%,0,0
Generic out,Fly,-,-,7L,Out,2nd,12,  0.32%,1,0
Generic out,Fly,-,-,78XD,Out,3rd,12,  0.32%,1,0
Home run,Fly,-,-,89XD,Score,Score,12,  0.32%,0,2
Single,Liner,-,-,89,1st,Score,11,  0.29%,0,1
Generic out,Fly,-,-,9,Out,2nd,11,  0.29%,1,0
Double,Liner,-,-,9LD,2nd,Score,11,  0.29%,0,1
Generic out,Grounder,-,-,3S,Out,3rd,11,  0.29%,1,0
Generic out,Liner,-,-,8XD,Out,3rd,11,  0.29%,1,0
Single,Liner,-,-,78,1st,3rd,11,  0.29%,0,0
Generic out,Fly,-,-,9,Out,3rd,11,  0.29%,1,0
Generic out,Grounder,-,-,6S,Out,2nd,11,  0.29%,1,0
Single,Grounder,-,-,3,1st,Score,11,  0.29%,0,1
Generic out,Pop-up,-,-,34,Out,2nd,10,  0.27%,1,0
Double,Grounder,-,-,3,2nd,Score,10,  0.27%,0,1
Double,Liner,-,-,89XD,2nd,Score,10,  0.27%,0,1
Generic out,Grounder,-,-,1S,Out,3rd,10,  0.27%,1,0
Single,Grounder,-,-,4,1st,3rd,10,  0.27%,0,0
Single,Liner,-,-,7S,1st,3rd,10,  0.27%,0,0
Generic out,Fly,-,-,9S,Out,2nd,10,  0.27%,1,0
Generic out,Pop-up,-,Y,5F,Out,2nd,10,  0.27%,1,0
Generic out,Fly,-,-,9L,Out,3rd,10,  0.27%,1,0
Generic out,Grounder,-,-,4D,Out,3rd,9,  0.24%,1,0
Single,Grounder,-,-,6M,1st,3rd,9,  0.24%,0,0
Generic out,Liner,-,-,78D,Out,2nd,9,  0.24%,1,0
Generic out,Grounder,-,-,6S,Out,3rd,9,  0.24%,1,0
Double,Grounder,-,-,5,2nd,Score,9,  0.24%,0,1
Generic out,Pop-up,-,Y,3F,Out,2nd,9,  0.24%,1,0
Generic out,Pop-up,-,Y,2F,Out,2nd,9,  0.24%,1,0
Generic out,Fly,-,-,8D,Out,3rd,9,  0.24%,1,0
Double,Liner,-,-,7L,2nd,Score,9,  0.24%,0,1
Single,Liner,-,-,89,1st,3rd,9,  0.24%,0,0
Generic out,Liner,-,-,8,Out,2nd,9,  0.24%,1,0
Generic out,Liner,-,-,34,Out,2nd,9,  0.24%,1,0
Generic out,Liner,-,-,3,Out,2nd,9,  0.24%,1,0
Generic out,Fly,-,-,7,Out,2nd,8,  0.21%,1,0
Generic out,Pop-up,-,-,3,Out,2nd,8,  0.21%,1,0
Single,Liner,-,-,8S,1st,3rd,8,  0.21%,0,0
Generic out,Fly,-,-,9LS,Out,2nd,8,  0.21%,1,0
Generic out,Liner,-,-,9,Out,2nd,8,  0.21%,1,0
Single,Liner,-,-,89D,1st,Score,8,  0.21%,0,1
Single,Grounder,-,-,56,1st,2nd,8,  0.21%,0,0
Single,Liner,-,-,8,1st,Score,8,  0.21%,0,1
Generic out,Fly,-,-,7LD,Out,2nd,8,  0.21%,1,0
Generic out,Pop-up,-,-,34D,Out,2nd,8,  0.21%,1,0
Generic out,Fly,-,-,78S,Out,2nd,8,  0.21%,1,0
Generic out,Pop-up,-,-,6,Out,2nd,7,  0.19%,1,0
Single,Liner,-,-,9,1st,Score,7,  0.19%,0,1
Generic out,Fly,-,-,89S,Out,2nd,7,  0.19%,1,0
Single,Grounder,-,-,4M,1st,3rd,7,  0.19%,0,0
Generic out,Liner,-,-,89D,Out,2nd,7,  0.19%,1,0
Generic out,Fly,-,-,7S,Out,2nd,7,  0.19%,1,0
Generic out,Pop-up,-,-,6MD,Out,2nd,7,  0.19%,1,0
Generic out,Grounder,-,-,1S,Out,2nd,7,  0.19%,1,0
Double,Liner,-,-,9L,2nd,Score,7,  0.19%,0,1
Generic out,Fly,-,-,7LS,Out,2nd,7,  0.19%,1,0
Generic out,Fly,-,-,9LD,Out,3rd,7,  0.19%,1,0
Generic out,Pop-up,-,-,56,Out,2nd,7,  0.19%,1,0
Generic out,Pop-up,-,-,56D,Out,2nd,6,  0.16%,1,0
Double,Fly,-,-,89XD,2nd,Score,6,  0.16%,0,1
Single,Liner,-,-,8D,1st,3rd,6,  0.16%,0,0
Home run,Fly,-,-,7LD,Score,Score,6,  0.16%,0,2
Generic out,Pop-up,-,-,4D,Out,2nd,6,  0.16%,1,0
Single,Grounder,-,-,25,1st,3rd,6,  0.16%,0,0
Single,Liner,-,-,78D,1st,Score,6,  0.16%,0,1
Caught stealing,-,-,-,-,Stays,Out,6,  0.16%,1,0
Generic out,Liner,-,-,89D,Out,3rd,6,  0.16%,1,0
Single,Grounder,-,-,3,1st,3rd,6,  0.16%,0,0
Generic out,Pop-up,-,Y,5DF,Out,2nd,6,  0.16%,1,0
Generic out,Liner,-,-,56,Out,2nd,6,  0.16%,1,0
Generic out,Liner,-,-,89,Out,2nd,6,  0.16%,1,0
Single,Grounder,Y,-,25,1st,3rd,5,  0.13%,0,0
Double,Fly,-,-,78XD,2nd,Score,5,  0.13%,0,1
Single,Liner,-,-,8D,1st,Score,5,  0.13%,0,1
Generic out,Pop-up,-,Y,3SF,Out,2nd,5,  0.13%,1,0
Double,Liner,-,-,78D,2nd,Score,5,  0.13%,0,1
Generic out,Grounder,-,-,1,Out,2nd,5,  0.13%,1,0
Generic out,Pop-up,-,Y,5SF,Out,2nd,5,  0.13%,1,0
Single,Liner,-,-,8S,1st,Score,5,  0.13%,0,1
Passed ball,-,-,-,-,Stays,3rd,5,  0.13%,0,0
Generic out,Grounder,-,-,25,Out,3rd,5,  0.13%,1,0
Double,Liner,-,-,78XD,2nd,Score,5,  0.13%,0,1
Single,Fly,-,-,89S,1st,3rd,5,  0.13%,0,0
Generic out,Liner,-,-,8D,Out,3rd,5,  0.13%,1,0
Double,Liner,-,-,7LD,2nd,Score,5,  0.13%,0,1
Double,Liner,-,-,8XD,2nd,Score,5,  0.13%,0,1
Single,Grounder,-,-,56,1st,Score,5,  0.13%,0,1
Single,Fly,-,-,9S,1st,3rd,5,  0.13%,0,0
Home run,Liner,-,-,7D,Score,Score,5,  0.13%,0,2
Double,Liner,-,-,9D,2nd,Score,5,  0.13%,0,1
Generic out,Grounder,Y,-,56S,Out,3rd,5,  0.13%,1,0
Generic out,Fly,-,-,6D,Out,2nd,5,  0.13%,1,0
Generic out,Grounder,-,-,2,Out,3rd,5,  0.13%,1,0
Walk,-,-,-,-,1st,3rd,5,  0.13%,0,0
Generic out,Grounder,-,-,34D,Out,3rd,5,  0.13%,1,0
Generic out,Liner,-,-,9L,Out,3rd,5,  0.13%,1,0
Generic out,Fly,-,-,7D,Out,3rd,5,  0.13%,1,0
Single,Liner,-,-,78S,1st,Score,5,  0.13%,0,1
Single,Fly,-,-,8S,1st,3rd,5,  0.13%,0,0
Fielder's choice,Grounder,Y,-,1S,2nd,Score,4,  0.11%,0,1
Generic out,Pop-up,-,-,1S,Out,2nd,4,  0.11%,1,0
Generic out,Pop-up,Y,Y,2F,Out,2nd,4,  0.11%,1,0
Single,Liner,-,-,89S,1st,Score,4,  0.11%,0,1
Fielder's choice,Grounder,-,-,1,1st,Out,4,  0.11%,1,0
Generic out,Grounder,-,-,23,Out,3rd,4,  0.11%,1,0
Single,Liner,-,-,34D,1st,3rd,4,  0.11%,0,0
Generic out,Pop-up,-,-,3S,Out,2nd,4,  0.11%,1,0
Generic out,Grounder,-,-,15,Out,3rd,4,  0.11%,1,0
Generic out,Liner,-,-,4,Out,2nd,4,  0.11%,1,0
Strikeout,-,-,-,-,Out,3rd,4,  0.11%,1,0
Double,Liner,-,-,9LS,2nd,Score,4,  0.11%,0,1
Single,Grounder,-,-,6,1st,2nd,4,  0.11%,0,0
Pickoff,-,-,-,-,Stays,Out,4,  0.11%,1,0
Single,Liner,-,-,7S,1st,Score,4,  0.11%,0,1
Single,Liner,-,-,78S,1st,3rd,4,  0.11%,0,0
Generic out,Liner,-,-,89XD,Out,3rd,4,  0.11%,1,0
Single,Grounder,-,-,6,1st,Score,4,  0.11%,0,1
Generic out,Grounder,-,-,56S,Out,3rd,4,  0.11%,1,0
Generic out,Fly,-,-,89D,Out,2nd,4,  0.11%,1,0
Generic out,Grounder,-,-,4S,Out,3rd,4,  0.11%,1,0
Generic out,Grounder,-,-,4MS,Out,3rd,4,  0.11%,1,0
Generic out,Fly,-,Y,9LF,Out,3rd,4,  0.11%,1,0
Generic out,Pop-up,-,-,6S,Out,2nd,4,  0.11%,1,0
Generic out,Grounder,-,-,34S,Out,3rd,4,  0.11%,1,0
Home run,Fly,-,-,8XD,Score,Score,4,  0.11%,0,2
Triple,Fly,-,-,89XD,3rd,Score,4,  0.11%,0,1
Generic out,Liner,-,-,6D,Out,2nd,4,  0.11%,1,0
Single,Grounder,-,-,56S,1st,3rd,4,  0.11%,0,0
Generic out,Fly,-,-,4D,Out,2nd,3,  0.08%,1,0
Fielder's choice,Grounder,Y,-,2,1st,Out,3,  0.08%,1,0
Generic out,Grounder,-,-,6MS,Out,3rd,3,  0.08%,1,0
Generic out,Grounder,-,-,6M,Out,2nd,3,  0.08%,1,0
Generic out,Fly,-,-,78D,Out,3rd,3,  0.08%,1,0
Single,Grounder,-,-,6,2nd,Score,3,  0.08%,0,1
Generic out,Pop-up,-,-,4S,Out,2nd,3,  0.08%,1,0
Double,Fly,-,-,89XD,2nd,3rd,3,  0.08%,0,0
Generic out,Grounder,Y,-,34S,Out,3rd,3,  0.08%,1,0
Single,Liner,-,-,78,1st,Score,3,  0.08%,0,1
Single,Grounder,-,-,5,1st,2nd,3,  0.08%,0,0
Generic out,Grounder,-,-,34,Out,2nd,3,  0.08%,1,0
Single,Liner,-,-,9L,1st,Score,3,  0.08%,0,1
Generic out,Liner,-,-,9,Out,3rd,3,  0.08%,1,0
Fielder's choice,Grounder,Y,-,1S,1st,Out,3,  0.08%,1,0
Generic out,Fly,-,-,9L,Out,2nd,3,  0.08%,1,0
Single,Fly,-,-,78S,1st,3rd,3,  0.08%,0,0
Single,Liner,-,-,7LS,1st,Score,3,  0.08%,0,1
Generic out,Liner,-,-,9L,Out,2nd,3,  0.08%,1,0
Double,Liner,-,-,89D,2nd,Score,3,  0.08%,0,1
Balk,-,-,-,-,Stays,3rd,3,  0.08%,0,0
Generic out,Liner,-,-,9D,Out,2nd,3,  0.08%,1,0
Fielder's choice,Grounder,Y,-,1S,1st,3rd,3,  0.08%,0,0
Generic out,Pop-up,-,-,4MD,Out,2nd,3,  0.08%,1,0
Generic out,Fly,-,-,9D,Out,2nd,3,  0.08%,1,0
Generic out,Pop-up,-,-,4,Out,2nd,3,  0.08%,1,0
Single,Liner,-,-,9L,1st,3rd,3,  0.08%,0,0
Generic out,Grounder,-,-,56,Out,3rd,3,  0.08%,1,0
Double,Liner,-,-,9D,2nd,3rd,3,  0.08%,0,0
Generic out,Pop-up,-,-,2,Out,2nd,3,  0.08%,1,0
Single,Liner,-,-,89D,1st,3rd,3,  0.08%,0,0
Single,Liner,-,-,89S,1st,3rd,3,  0.08%,0,0
Double,Liner,-,-,7D,2nd,Score,3,  0.08%,0,1
Generic out,Pop-up,Y,Y,5SF,Out,2nd,3,  0.08%,1,0
Generic out,Fly,-,-,78XD,Out,2nd,3,  0.08%,1,0
Generic out,Grounder,-,-,2,Out,2nd,3,  0.08%,1,0
Generic out,Grounder,Y,-,5S,Out,3rd,3,  0.08%,1,0
Single,Liner,-,-,9LD,1st,3rd,2,  0.05%,0,0
Error,Grounder,-,-,6,1st,2nd,2,  0.05%,0,0
Single,Grounder,-,-,1S,1st,3rd,2,  0.05%,0,0
Double,Liner,-,-,7,2nd,Score,2,  0.05%,0,1
Fielder's choice,Grounder,-,-,1S,1st,Out,2,  0.05%,1,0
Generic out,Pop-up,-,-,3D,Out,2nd,2,  0.05%,1,0
Double,Fly,-,-,8XD,2nd,Score,2,  0.05%,0,1
Generic out,Liner,-,-,5D,Out,2nd,2,  0.05%,1,0
Single,Liner,-,-,9D,1st,3rd,2,  0.05%,0,0
Generic out,Grounder,-,-,4MD,Out,3rd,2,  0.05%,1,0
Single,Fly,-,-,7S,1st,3rd,2,  0.05%,0,0
Generic out,Fly,-,Y,7LF,Out,2nd,2,  0.05%,1,0
Double,Fly,-,-,9D,2nd,Score,2,  0.05%,0,1
Fielder's choice,Grounder,-,-,6M,1st,Out,2,  0.05%,1,0
Generic out,Liner,-,-,56S,Out,2nd,2,  0.05%,1,0
Generic out,Liner,-,-,5,Out,2nd,2,  0.05%,1,0
Generic out,Liner,-,-,78XD,Out,3rd,2,  0.05%,1,0
Home run,Liner,-,-,9LD,Score,Score,2,  0.05%,0,2
Generic out,Pop-up,-,-,5D,Out,2nd,2,  0.05%,1,0
Generic out,Grounder,-,-,13,Out,2nd,2,  0.05%,1,0
Generic out,Pop-up,Y,-,2,Out,2nd,2,  0.05%,1,0
Single,Liner,-,-,7L,1st,3rd,2,  0.05%,0,0
Single,Liner,-,-,7D,1st,Score,2,  0.05%,0,1
Generic out,Grounder,-,-,5S,Out,2nd,2,  0.05%,1,0
Generic out,Pop-up,-,-,23,Out,2nd,2,  0.05%,1,0
Fielder's choice,Grounder,-,-,1,2nd,Out,2,  0.05%,1,0
Generic out,Grounder,Y,-,23,Out,2nd,2,  0.05%,1,0
Generic out,Grounder,-,-,3S,Out,2nd,2,  0.05%,1,0
Single,Grounder,-,-,5,1st,Score,2,  0.05%,0,1
Double,Fly,-,-,9D,2nd,3rd,2,  0.05%,0,0
Generic out,Liner,-,-,8XD,Out,2nd,2,  0.05%,1,0
Defensive indifference,-,-,-,-,Stays,3rd,2,  0.05%,0,0
Single,Grounder,-,-,6S,1st,2nd,2,  0.05%,0,0
Triple,Liner,-,-,89XD,3rd,Score,2,  0.05%,0,1
Generic out,Grounder,-,-,4,Out,2nd,2,  0.05%,1,0
Generic out,Fly,-,-,3D,Out,2nd,2,  0.05%,1,0
Double,Fly,-,-,7LD,2nd,Score,2,  0.05%,0,1
Generic out,Fly,-,-,8XD,Out,2nd,2,  0.05%,1,0
Generic out,Grounder,Y,-,1S,Out,2nd,2,  0.05%,1,0
Single,Liner,-,-,78D,1st,3rd,2,  0.05%,0,0
Generic out,Fly,-,-,78,Out,3rd,2,  0.05%,1,0
Strikeout,-,-,-,-,Out,Score,2,  0.05%,1,1
Generic out,Fly,-,-,56D,Out,2nd,2,  0.05%,1,0
Generic out,Fly,-,Y,3DF,Out,2nd,2,  0.05%,1,0
Generic out,Liner,-,-,7S,Out,2nd,2,  0.05%,1,0
Generic out,Pop-up,-,Y,3DF,Out,2nd,2,  0.05%,1,0
Double,Liner,-,-,7LS,2nd,Score,2,  0.05%,0,1
Single,Grounder,-,-,56S,1st,2nd,2,  0.05%,0,0
Single,Liner,-,-,89XD,1st,Score,2,  0.05%,0,1
Generic out,Pop-up,-,-,4M,Out,2nd,2,  0.05%,1,0
Generic out,Fly,-,Y,7LSF,Out,2nd,2,  0.05%,1,0
Generic out,Liner,-,-,89D,Out,Out,2,  0.05%,2,0
Single,Liner,-,-,3D,1st,Score,2,  0.05%,0,1
Generic out,Pop-up,Y,-,5S,Out,2nd,2,  0.05%,1,0
Generic out,Pop-up,-,-,8S,Out,2nd,2,  0.05%,1,0
Generic out,Liner,-,-,34,Out,Out,2,  0.05%,2,0
Generic out,Pop-up,Y,-,56S,Out,2nd,2,  0.05%,1,0
Generic out,Liner,-,-,56D,Out,2nd,2,  0.05%,1,0
Fielder's choice,Grounder,-,-,56S,1st,Out,2,  0.05%,1,0
Single,Liner,-,-,8,2nd,Score,2,  0.05%,0,1
Single,Grounder,Y,-,15,1st,3rd,2,  0.05%,0,0
Single,Grounder,Y,-,1S,1st,3rd,2,  0.05%,0,0
Double,Liner,-,-,78,2nd,Score,2,  0.05%,0,1
Fielder's choice,Grounder,Y,-,25,1st,3rd,2,  0.05%,0,0
Generic out,Grounder,-,-,25,Out,2nd,2,  0.05%,1,0
Single,Fly,-,-,9LS,1st,3rd,2,  0.05%,0,0
Fielder's choice,Grounder,Y,-,2,1st,3rd,2,  0.05%,0,0
Generic out,Fly,-,-,34D,Out,2nd,2,  0.05%,1,0
Triple,Grounder,-,-,3,3rd,Score,2,  0.05%,0,1
Generic out,Liner,-,-,78D,Out,3rd,2,  0.05%,1,0
Generic out,Pop-up,-,-,78S,Out,2nd,2,  0.05%,1,0
Generic out,Liner,-,-,6MD,Out,2nd,1,  0.03%,1,0
Double,Liner,-,-,7D,2nd,3rd,1,  0.03%,0,0
Fielder's choice,Grounder,-,-,6,Out,Out,1,  0.03%,2,0
Single,Fly,-,-,89,1st,Score,1,  0.03%,0,1
Generic out,Liner,-,-,13,Out,Out,1,  0.03%,2,0
Error,Liner,-,-,6M,1st,2nd,1,  0.03%,0,0
Fielder's choice,Grounder,-,-,34,2nd,Out,1,  0.03%,1,0
Double,Liner,-,-,8XD,Out,Score,1,  0.03%,1,1
Triple,Liner,-,-,78D,3rd,Score,1,  0.03%,0,1
Generic out,Liner,-,-,8D,Out,Score,1,  0.03%,1,1
Fielder's choice,Grounder,Y,-,2,1st,Score,1,  0.03%,0,1
Single,Liner,-,-,23,1st,3rd,1,  0.03%,0,0
Single,Fly,-,-,7LS,2nd,Score,1,  0.03%,0,1
Error,Grounder,Y,-,1S,2nd,Score,1,  0.03%,0,1
Fielder's choice,Grounder,-,-,13,1st,Out,1,  0.03%,1,0
Single,Liner,-,-,9LD,1st,Score,1,  0.03%,0,1
Triple,Liner,-,-,89D,3rd,Score,1,  0.03%,0,1
Error,Grounder,-,-,4,1st,Score,1,  0.03%,0,1
Single,Liner,-,-,8XD,1st,Score,1,  0.03%,0,1
Single,Grounder,-,-,2,1st,2nd,1,  0.03%,0,0
Error,Grounder,-,-,34,1st,Score,1,  0.03%,0,1
Generic out,Fly,-,-,7L,Out,3rd,1,  0.03%,1,0
Single,Fly,-,-,3D,1st,3rd,1,  0.03%,0,0
Single,Grounder,-,-,56,2nd,Score,1,  0.03%,0,1
Error,Grounder,-,-,25,1st,Score,1,  0.03%,0,1
Single,Grounder,-,-,6MS,1st,3rd,1,  0.03%,0,0
Generic out,Fly,-,-,7D,Out,Out,1,  0.03%,2,0
Fielder's choice,Grounder,Y,-,23,1st,Out,1,  0.03%,1,0
Generic out,Pop-up,Y,Y,23F,Out,2nd,1,  0.03%,1,0
Error,Grounder,-,-,56,2nd,Score,1,  0.03%,0,1
Generic out,Liner,-,-,9S,Out,2nd,1,  0.03%,1,0
Generic out,Grounder,-,-,4S,Out,2nd,1,  0.03%,1,0
Single,Liner,-,-,89,2nd,Score,1,  0.03%,0,1
Generic out,Liner,-,-,6,Out,2nd,1,  0.03%,1,0
Fielder's choice,Grounder,-,-,34,1st,2nd,1,  0.03%,0,0
Single,Grounder,-,-,4S,1st,3rd,1,  0.03%,0,0
Generic out,Pop-up,-,Y,25F,Out,2nd,1,  0.03%,1,0
Fielder's choice,Grounder,-,-,4MS,1st,Out,1,  0.03%,1,0
Single,Fly,-,-,89S,1st,Score,1,  0.03%,0,1
Generic out,Pop-up,-,-,6D,Out,2nd,1,  0.03%,1,0
Generic out,Pop-up,-,-,6MS,Out,2nd,1,  0.03%,1,0
Triple,Fly,-,-,8,3rd,Score,1,  0.03%,0,1
Double,Fly,-,-,7D,Out,Score,1,  0.03%,1,1
Fielder's choice,Grounder,-,-,1S,1st,3rd,1,  0.03%,0,0
Generic out,Pop-up,Y,-,1,Out,3rd,1,  0.03%,1,0
Generic out,Fly,-,Y,9LSF,Out,2nd,1,  0.03%,1,0
Generic out,Fly,-,Y,9LSF,Out,3rd,1,  0.03%,1,0
Double,Fly,-,-,9LS,2nd,3rd,1,  0.03%,0,0
Generic out,Liner,-,-,7LS,Out,2nd,1,  0.03%,1,0
Single,Liner,-,-,89,1st,2nd,1,  0.03%,0,0
Single,Liner,-,-,8S,2nd,Out,1,  0.03%,1,0
Single,Liner,-,-,9L,Out,Score,1,  0.03%,1,1
Generic out,Liner,-,-,6D,Out,Out,1,  0.03%,2,0
Double,Liner,-,-,78XD,2nd,3rd,1,  0.03%,0,0
Error,Fly,-,-,7LS,2nd,3rd,1,  0.03%,0,0
Single,Grounder,-,-,5S,1st,2nd,1,  0.03%,0,0
Home run,Liner,-,-,8XD,Score,Score,1,  0.03%,0,2
Single,Grounder,-,-,6M,2nd,Score,1,  0.03%,0,1
Single,Fly,-,-,7LS,1st,Score,1,  0.03%,0,1
Single,Liner,-,-,9S,1st,Score,1,  0.03%,0,1
Single,Grounder,-,-,3S,2nd,Score,1,  0.03%,0,1
Single,Grounder,Y,-,3S,1st,3rd,1,  0.03%,0,0
Fielder's choice,Grounder,-,-,6S,2nd,Out,1,  0.03%,1,0
Generic out,Liner,-,-,6M,Out,Out,1,  0.03%,2,0
Generic out,Liner,-,-,4MD,Out,Out,1,  0.03%,2,0
Generic out,Pop-up,-,Y,23F,Out,2nd,1,  0.03%,1,0
Single,Liner,-,-,56D,1st,Score,1,  0.03%,0,1
Single,Liner,-,-,7L,1st,Score,1,  0.03%,0,1
Single,Liner,-,-,5D,3rd,Score,1,  0.03%,0,1
Double,Grounder,-,-,4,2nd,Score,1,  0.03%,0,1
Generic out,Liner,-,-,8,Out,Out,1,  0.03%,2,0
Error,Grounder,-,-,3S,1st,3rd,1,  0.03%,0,0
Single,Pop-up,Y,-,23,1st,3rd,1,  0.03%,0,0
Fielder's choice,Grounder,-,-,6MS,1st,Out,1,  0.03%,1,0
Double,Fly,-,-,9LD,2nd,3rd,1,  0.03%,0,0
Single,Liner,-,-,9LS,1st,Score,1,  0.03%,0,1
Fielder's choice,Grounder,-,-,6,1st,3rd,1,  0.03%,0,0
Double,Grounder,-,-,56,2nd,Score,1,  0.03%,0,1
Generic out,Grounder,-,-,1,Out,3rd,1,  0.03%,1,0
Triple,Fly,-,-,8XD,3rd,Score,1,  0.03%,0,1
Triple,Liner,-,-,78XD,3rd,Score,1,  0.03%,0,1
Double,Fly,-,-,7LD,2nd,3rd,1,  0.03%,0,0
Single,Pop-up,-,-,5D,1st,3rd,1,  0.03%,0,0
Single,Grounder,-,-,6,Out,Score,1,  0.03%,1,1
Error,Grounder,-,-,6,1st,Score,1,  0.03%,0,1
Single,Liner,-,-,4,1st,2nd,1,  0.03%,0,0
Generic out,Grounder,-,-,5,Out,3rd,1,  0.03%,1,0
Single,Liner,-,-,7L,2nd,Score,1,  0.03%,0,1
Error,Liner,-,-,5,1st,2nd,1,  0.03%,0,0
Generic out,Fly,-,-,8,Out,3rd,1,  0.03%,1,0
Double,Liner,-,-,8D,2nd,Score,1,  0.03%,0,1
Single,Liner,-,-,8D,Out,Score,1,  0.03%,1,1
Single,Liner,-,-,78D,2nd,Score,1,  0.03%,0,1
Generic out,Pop-up,-,-,89S,Out,2nd,1,  0.03%,1,0
Pickoff,-,-,-,-,Stays,3rd,1,  0.03%,0,0
Generic out,Grounder,-,-,6D,Out,2nd,1,  0.03%,1,0
Generic out,Grounder,-,-,56D,Out,3rd,1,  0.03%,1,0
Double,Fly,-,-,7L,2nd,Score,1,  0.03%,0,1
Generic out,Grounder,-,-,13,Out,3rd,1,  0.03%,1,0
Double,Liner,-,-,89,2nd,3rd,1,  0.03%,0,0
Stolen base,-,-,-,-,Stays,Score,1,  0.03%,0,1
Generic out,Liner,-,-,4MD,Out,2nd,1,  0.03%,1,0
Single,Grounder,-,-,34,1st,Out,1,  0.03%,1,0
Home run,Liner,-,-,9D,Score,Score,1,  0.03%,0,2
Error,Grounder,-,-,6,2nd,3rd,1,  0.03%,0,0
Double,Pop-up,-,-,5D,2nd,Score,1,  0.03%,0,1
Generic out,Liner,Y,-,1S,Out,Out,1,  0.03%,2,0
Generic out,Fly,-,-,9LS,Out,Out,1,  0.03%,2,0
Single,Grounder,-,-,6M,2nd,3rd,1,  0.03%,0,0
Single,Liner,-,-,9,Out,Score,1,  0.03%,1,1
Generic out,Fly,-,-,7LD,Out,3rd,1,  0.03%,1,0
Error,Fly,-,-,8XD,2nd,3rd,1,  0.03%,0,0
Single,Grounder,-,-,3S,1st,3rd,1,  0.03%,0,0
Single,Liner,-,-,8D,2nd,Score,1,  0.03%,0,1
Double,Liner,-,-,89,2nd,Score,1,  0.03%,0,1
Single,Grounder,-,-,2,1st,3rd,1,  0.03%,0,0
Single,Fly,-,-,7S,2nd,Out,1,  0.03%,1,0
Triple,Liner,-,-,9LD,3rd,Score,1,  0.03%,0,1
Generic out,Liner,-,-,56S,Out,Out,1,  0.03%,2,0
Generic out,Pop-up,Y,-,15,Out,2nd,1,  0.03%,1,0
Fielder's choice,Grounder,Y,-,1S,3rd,Score,1,  0.03%,0,1
Generic out,Grounder,-,-,6MD,Out,3rd,1,  0.03%,1,0
Single,Grounder,-,-,34S,1st,3rd,1,  0.03%,0,0
Single,Liner,-,-,9D,2nd,3rd,1,  0.03%,0,0
Single,Fly,-,-,89S,2nd,Score,1,  0.03%,0,1
Double,Fly,-,-,9L,2nd,3rd,1,  0.03%,0,0
Generic out,Fly,-,-,4MD,Out,2nd,1,  0.03%,1,0
Generic out,Fly,-,-,7,Out,3rd,1,  0.03%,1,0
Fielder's choice,Grounder,-,-,6M,1st,2nd,1,  0.03%,0,0
Generic out,Liner,-,-,4M,Out,2nd,1,  0.03%,1,0
Triple,Liner,-,-,89,3rd,Score,1,  0.03%,0,1
Single,Liner,-,-,9L,2nd,Score,1,  0.03%,0,1
Single,Fly,-,-,9S,1st,Score,1,  0.03%,0,1
Generic out,Liner,-,-,4D,Out,2nd,1,  0.03%,1,0
Single,Grounder,Y,-,2,2nd,Score,1,  0.03%,0,1
Generic out,Fly,-,-,8S,Out,Out,1,  0.03%,2,0
Single,Pop-up,Y,-,2,1st,2nd,1,  0.03%,0,0
Fielder's choice,Grounder,-,-,56,1st,Out,1,  0.03%,1,0
Single,Fly,-,-,7L,1st,Score,1,  0.03%,0,1
Generic out,Fly,-,-,89,Out,3rd,1,  0.03%,1,0
Generic out,Pop-up,-,-,34S,Out,2nd,1,  0.03%,1,0
Single,Grounder,Y,-,13,1st,3rd,1,  0.03%,0,0
Generic out,Grounder,-,-,3D,Out,3rd,1,  0.03%,1,0
Generic out,Liner,-,-,1S,Out,3rd,1,  0.03%,1,0
Single,Liner,-,-,78S,2nd,Score,1,  0.03%,0,1
Single,Grounder,Y,-,56S,1st,Score,1,  0.03%,0,1
Single,Fly,-,-,9,1st,3rd,1,  0.03%,0,0
Generic out,Fly,-,-,89XD,Out,2nd,1,  0.03%,1,0
Single,Liner,-,-,6,1st,3rd,1,  0.03%,0,0
Single,Liner,-,-,78,1st,Out,1,  0.03%,1,0
Error,Grounder,-,-,5,1st,3rd,1,  0.03%,0,0
Generic out,Pop-up,Y,-,13,Out,2nd,1,  0.03%,1,0
Single,Liner,-,-,89D,2nd,Score,1,  0.03%,0,1
Single,Liner,-,-,34D,1st,Score,1,  0.03%,0,1
Generic out,Liner,-,-,34D,Out,Out,1,  0.03%,2,0
Single,Grounder,-,-,2,2nd,Score,1,  0.03%,0,1
Error,Grounder,-,-,4,1st,3rd,1,  0.03%,0,0
Fielder's choice,Grounder,-,-,4,2nd,Out,1,  0.03%,1,0
Fielder's choice,Grounder,-,-,1S,1st,2nd,1,  0.03%,0,0
Generic out,Fly,-,-,6MD,Out,2nd,1,  0.03%,1,0
Double,Fly,-,-,7D,2nd,3rd,1,  0.03%,0,0
Generic out,Pop-up,Y,Y,25F,Out,2nd,1,  0.03%,1,0
Generic out,Grounder,-,-,4M,Out,2nd,1,  0.03%,1,0
Interference,-,-,-,-,1st,2nd,1,  0.03%,0,0
Fielder's choice,Grounder,-,-,6,1st,2nd,1,  0.03%,0,0
Single,Liner,-,-,78D,2nd,3rd,1,  0.03%,0,0
Single,Fly,-,-,7S,1st,2nd,1,  0.03%,0,0
Generic out,Pop-up,-,-,4MS,Out,2nd,1,  0.03%,1,0
Generic out,Grounder,-,-,2,Out,Out,1,  0.03%,2,0
Single,Liner,-,-,9,2nd,3rd,1,  0.03%,0,0
Home run,Liner,-,-,89XD,Score,Score,1,  0.03%,0,2
Single,Grounder,-,-,4M,Out,Score,1,  0.03%,1,1
Single,Liner,-,-,7LD,1st,Score,1,  0.03%,0,1
Generic out,Liner,-,-,7L,Out,2nd,1,  0.03%,1,0
Generic out,Grounder,-,-,1,Out,Out,1,  0.03%,2,0
Single,Liner,-,-,4D,1st,3rd,1,  0.03%,0,0
Double,Fly,-,-,7LS,2nd,Score,1,  0.03%,0,1
Generic out,Pop-up,-,-,25,Out,2nd,1,  0.03%,1,0
Generic out,Liner,-,-,34D,Out,2nd,1,  0.03%,1,0
Single,Liner,-,-,6D,1st,Score,1,  0.03%,0,1
Generic out,Grounder,Y,-,13,Out,3rd,1,  0.03%,1,0
Home run,Liner,-,-,7LD,Score,Score,1,  0.03%,0,2
Single,Grounder,-,-,13,1st,3rd,1,  0.03%,0,0
Single,Liner,-,-,78,2nd,Score,1,  0.03%,0,1
Double,Liner,-,-,3,2nd,Score,1,  0.03%,0,1
Home run,Liner,-,-,78XD,Score,Score,1,  0.03%,0,2
Generic out,Fly,-,-,9L,Out,Score,1,  0.03%,1,1
Generic out,Liner,-,-,89,Out,Out,1,  0.03%,2,0
Generic out,Fly,-,-,9S,Out,3rd,1,  0.03%,1,0
Triple,Grounder,-,-,5,3rd,Score,1,  0.03%,0,1
Generic out,Fly,-,Y,5F,Out,2nd,1,  0.03%,1,0
Fielder's choice,Grounder,-,-,4MS,2nd,Out,1,  0.03%,1,0
Generic out,Fly,-,-,5S,Out,2nd,1,  0.03%,1,0
Generic out,Liner,-,-,9LD,Out,3rd,1,  0.03%,1,0
Single,Grounder,-,-,6,2nd,3rd,1,  0.03%,0,0
Double,Grounder,-,-,3S,2nd,Score,1,  0.03%,0,1
Single,Grounder,-,-,6S,1st,3rd,1,  0.03%,0,0
Generic out,Grounder,-,-,5D,Out,2nd,1,  0.03%,1,0
Fielder's choice,Grounder,-,-,3,1st,Out,1,  0.03%,1,0
Single,Grounder,-,-,4MS,1st,3rd,1,  0.03%,0,0
Single,Fly,-,-,7LS,1st,3rd,1,  0.03%,0,0
Single,Fly,-,-,9LS,1st,Score,1,  0.03%,0,1
Single,Liner,-,-,8,Out,3rd,1,  0.03%,1,0
Single,Fly,-,-,7S,1st,Score,1,  0.03%,0,1
Double,Liner,-,-,9L,Out,Score,1,  0.03%,1,1
Single,Liner,-,-,4MD,1st,2nd,1,  0.03%,0,0
