Play,Type,Bnt,Fl,Loc,B,R1,Count,Probability,New Outs,Runs
Strikeout,-,-,-,-,Out,1st,1860, 17.49%,1,0
Walk,-,-,-,-,1st,2nd,695,  6.54%,0,0
Stolen base,-,-,-,-,Stays,2nd,505,  4.75%,0,0
Generic out,Grounder,-,-,6,Out,Out,235,  2.21%,2,0
Wild pitch,-,-,-,-,Stays,2nd,164,  1.54%,0,0
Caught stealing,-,-,-,-,Stays,Out,130,  1.22%,1,0
Generic out,Grounder,-,-,56,Out,Out,128,  1.20%,2,0
Generic out,Fly,-,-,8XD,Out,1st,122,  1.15%,1,0
Generic out,Grounder,-,-,6,1st,Out,121,  1.14%,1,0
Generic out,Grounder,-,-,4,Out,Out,117,  1.10%,2,0
Generic out,Grounder,-,-,34,1st,Out,117,  1.10%,1,0
Hit by pitch,-,-,-,-,1st,2nd,116,  1.09%,0,0
Single,Grounder,-,-,34,1st,2nd,103,  0.97%,0,0
Generic out,Fly,-,-,8D,Out,1st,96,  0.90%,1,0
Generic out,Grounder,-,-,34,Out,Out,92,  0.87%,2,0
Single,Grounder,-,-,56,1st,2nd,92,  0.87%,0,0
Generic out,Fly,-,-,89D,Out,1st,82,  0.77%,1,0
Generic out,Fly,-,-,8,Out,1st,80,  0.75%,1,0
Strikeout,-,-,-,-,Out,2nd,79,  0.74%,1,0
Generic out,Grounder,-,-,56,1st,Out,75,  0.71%,1,0
Generic out,Grounder,-,-,34,Out,2nd,75,  0.71%,1,0
Generic out,Fly,-,-,9D,Out,1st,74,  0.70%,1,0
Single,Grounder,-,-,6,1st,2nd,69,  0.65%,0,0
Generic out,Grounder,-,-,4,1st,Out,69,  0.65%,1,0
Single,Liner,-,-,8,1st,2nd,65,  0.61%,0,0
Generic out,Fly,-,-,7D,Out,1st,64,  0.60%,1,0
Generic out,Fly,-,-,9,Out,1st,64,  0.60%,1,0
Single,Grounder,-,-,34,1st,3rd,64,  0.60%,0,0
Generic out,Grounder,-,-,6M,Out,Out,63,  0.59%,2,0
Single,Liner,-,-,9,1st,2nd,60,  0.56%,0,0
Generic out,Liner,-,-,8D,Out,1st,60,  0.56%,1,0
Generic out,Fly,-,-,78,Out,1st,60,  0.56%,1,0
Single,Liner,-,-,7,1st,2nd,57,  0.54%,0,0
Home run,Fly,-,-,7D,Score,Score,57,  0.54%,0,2
Pickoff,-,-,-,-,Stays,Out,55,  0.52%,1,0
Generic out,Fly,-,-,89XD,Out,1st,55,  0.52%,1,0
Strikeout,-,-,-,-,Out,Out,54,  0.51%,2,0
Generic out,Grounder,-,-,3,Out,Out,53,  0.50%,2,0
Single,Grounder,-,-,6M,1st,2nd,53,  0.50%,0,0
Generic out,Fly,-,-,78D,Out,1st,52,  0.49%,1,0
Home run,Fly,-,-,78XD,Score,Score,50,  0.47%,0,2
Generic out,Fly,-,-,89,Out,1st,50,  0.47%,1,0
Generic out,Fly,-,-,78XD,Out,1st,47,  0.44%,1,0
Single,Liner,-,-,78,1st,2nd,46,  0.43%,0,0
Generic out,Grounder,Y,-,2,Out,2nd,45,  0.42%,1,0
Generic out,Grounder,-,-,4,Out,2nd,44,  0.41%,1,0
Generic out,Liner,-,-,9,Out,1st,44,  0.41%,1,0
Single,Grounder,-,-,4M,1st,2nd,42,  0.40%,0,0
Generic out,Grounder,-,-,4M,Out,Out,41,  0.39%,2,0
Home run,Fly,-,-,9D,Score,Score,40,  0.38%,0,2
Generic out,Grounder,Y,-,1S,Out,2nd,39,  0.37%,1,0
Generic out,Fly,-,-,7,Out,1st,39,  0.37%,1,0
Passed ball,-,-,-,-,Stays,2nd,36,  0.34%,0,0
Generic out,Fly,-,-,8S,Out,1st,36,  0.34%,1,0
Generic out,Liner,-,-,8XD,Out,1st,36,  0.34%,1,0
Generic out,Fly,-,-,9S,Out,1st,35,  0.33%,1,0
Generic out,Pop-up,-,Y,5F,Out,1st,35,  0.33%,1,0
Generic out,Liner,-,-,7,Out,1st,35,  0.33%,1,0
Home run,Fly,-,-,9LD,Score,Score,35,  0.33%,0,2
Generic out,Fly,-,-,78S,Out,1st,35,  0.33%,1,0
Generic out,Grounder,-,-,5,Out,Out,35,  0.33%,2,0
Generic out,Liner,-,-,7D,Out,1st,34,  0.32%,1,0
Generic out,Grounder,-,-,6,Out,2nd,34,  0.32%,1,0
Single,Liner,-,-,9S,1st,2nd,33,  0.31%,0,0
Generic out,Pop-up,-,Y,2F,Out,1st,33,  0.31%,1,0
Generic out,Grounder,Y,-,23,Out,2nd,33,  0.31%,1,0
Home run,Fly,-,-,89XD,Score,Score,33,  0.31%,0,2
Generic out,Grounder,-,-,56S,Out,Out,33,  0.31%,2,0
Generic out,Liner,-,-,89D,Out,1st,32,  0.30%,1,0
Single,Liner,-,-,8D,1st,2nd,32,  0.30%,0,0
Generic out,Grounder,-,-,3S,Out,2nd,32,  0.30%,1,0
Single,Grounder,-,-,4,1st,2nd,32,  0.30%,0,0
Single,Liner,-,-,89,1st,2nd,32,  0.30%,0,0
Generic out,Liner,-,-,9D,Out,1st,32,  0.30%,1,0
Generic out,Grounder,-,-,5,1st,Out,31,  0.29%,1,0
Generic out,Fly,-,-,9L,Out,1st,31,  0.29%,1,0
Single,Liner,-,-,8S,1st,2nd,31,  0.29%,0,0
Generic out,Fly,-,-,7S,Out,1st,31,  0.29%,1,0
Single,Grounder,-,-,4,1st,3rd,30,  0.28%,0,0
Home run,Fly,-,-,7LD,Score,Score,30,  0.28%,0,2
Generic out,Grounder,-,-,56S,Out,2nd,29,  0.27%,1,0
Generic out,Fly,-,-,9LD,Out,1st,29,  0.27%,1,0
Generic out,Pop-up,-,-,34,Out,1st,29,  0.27%,1,0
Generic out,Liner,-,-,78D,Out,1st,29,  0.27%,1,0
Double,Grounder,-,-,5,2nd,3rd,29,  0.27%,0,0
Generic out,Grounder,-,-,56S,1st,Out,29,  0.27%,1,0
Generic out,Grounder,-,-,56,Out,2nd,28,  0.26%,1,0
Double,Liner,-,-,9LD,2nd,3rd,28,  0.26%,0,0
Generic out,Pop-up,-,-,6,Out,1st,27,  0.25%,1,0
Stolen base,-,-,-,-,Stays,3rd,27,  0.25%,0,0
Balk,-,-,-,-,Stays,2nd,27,  0.25%,0,0
Generic out,Grounder,-,-,3,Out,2nd,27,  0.25%,1,0
Generic out,Pop-up,-,Y,3F,Out,1st,27,  0.25%,1,0
Home run,Fly,-,-,8XD,Score,Score,26,  0.24%,0,2
Generic out,Fly,-,-,7L,Out,1st,26,  0.24%,1,0
Double,Liner,-,-,7LD,2nd,3rd,26,  0.24%,0,0
Generic out,Grounder,-,-,1S,Out,2nd,25,  0.24%,1,0
Generic out,Grounder,-,-,6M,1st,Out,24,  0.23%,1,0
Generic out,Liner,-,-,8,Out,1st,24,  0.23%,1,0
Generic out,Pop-up,-,Y,5SF,Out,1st,24,  0.23%,1,0
Generic out,Pop-up,-,-,6D,Out,1st,24,  0.23%,1,0
Generic out,Grounder,-,-,34S,1st,Out,23,  0.22%,1,0
Generic out,Fly,-,-,9LS,Out,1st,23,  0.22%,1,0
Single,Liner,-,-,7S,1st,2nd,23,  0.22%,0,0
Generic out,Grounder,-,-,3S,Out,Out,22,  0.21%,2,0
Single,Liner,-,-,89D,1st,3rd,21,  0.20%,0,0
Generic out,Pop-up,-,Y,3SF,Out,1st,20,  0.19%,1,0
Generic out,Grounder,Y,-,25,Out,2nd,20,  0.19%,1,0
Generic out,Fly,-,-,7LD,Out,1st,20,  0.19%,1,0
Generic out,Pop-up,-,-,4D,Out,1st,20,  0.19%,1,0
Generic out,Grounder,-,-,6S,Out,2nd,20,  0.19%,1,0
Single,Liner,-,-,78S,1st,2nd,19,  0.18%,0,0
Generic out,Liner,-,-,6,Out,1st,19,  0.18%,1,0
Single,Grounder,-,-,4M,1st,3rd,19,  0.18%,0,0
Generic out,Grounder,-,-,3,1st,Out,18,  0.17%,1,0
Generic out,Pop-up,-,-,34D,Out,1st,18,  0.17%,1,0
Generic out,Grounder,-,-,5,Out,2nd,18,  0.17%,1,0
Generic out,Liner,-,-,56,Out,1st,17,  0.16%,1,0
Single,Liner,-,-,89D,1st,2nd,17,  0.16%,0,0
Generic out,Fly,-,-,7LS,Out,1st,17,  0.16%,1,0
Double,Liner,-,-,78XD,2nd,3rd,17,  0.16%,0,0
Single,Liner,-,-,89,1st,3rd,17,  0.16%,0,0
Generic out,Grounder,-,-,34S,Out,2nd,17,  0.16%,1,0
Single,Grounder,-,-,6,1st,3rd,16,  0.15%,0,0
Single,Grounder,-,-,3,1st,3rd,16,  0.15%,0,0
Generic out,Pop-up,-,-,56,Out,1st,16,  0.15%,1,0
Generic out,Grounder,-,-,23,Out,2nd,16,  0.15%,1,0
Pickoff,-,-,-,-,Stays,2nd,16,  0.15%,0,0
Single,Grounder,-,-,3,1st,2nd,16,  0.15%,0,0
Single,Liner,-,-,78D,1st,3rd,15,  0.14%,0,0
Single,Grounder,-,-,5,1st,2nd,15,  0.14%,0,0
Single,Liner,-,-,8,1st,3rd,14,  0.13%,0,0
Double,Grounder,-,-,3,2nd,3rd,14,  0.13%,0,0
Double,Liner,-,-,89XD,2nd,3rd,14,  0.13%,0,0
Generic out,Liner,-,-,78,Out,1st,14,  0.13%,1,0
Single,Grounder,-,-,6M,1st,3rd,14,  0.13%,0,0
Generic out,Liner,-,-,89XD,Out,1st,14,  0.13%,1,0
Generic out,Grounder,-,-,3S,1st,Out,14,  0.13%,1,0
Single,Fly,-,-,78S,1st,2nd,14,  0.13%,0,0
Fielder's choice,Grounder,-,-,6,1st,2nd,13,  0.12%,0,0
Generic out,Grounder,-,-,6D,Out,Out,13,  0.12%,2,0
Generic out,Fly,-,-,8XD,Out,2nd,13,  0.12%,1,0
Double,Grounder,-,-,5,2nd,Score,13,  0.12%,0,1
Generic out,Grounder,-,-,6S,Out,Out,13,  0.12%,2,0
Single,Liner,-,-,7L,1st,2nd,13,  0.12%,0,0
Generic out,Liner,-,-,89,Out,1st,13,  0.12%,1,0
Generic out,Grounder,-,-,1S,1st,Out,12,  0.11%,1,0
Generic out,Grounder,-,-,13,Out,Out,12,  0.11%,2,0
Generic out,Pop-up,-,-,56D,Out,1st,12,  0.11%,1,0
Generic out,Grounder,-,-,4M,1st,Out,12,  0.11%,1,0
Generic out,Grounder,-,-,1,Out,Out,12,  0.11%,2,0
Generic out,Grounder,-,-,2,Out,2nd,12,  0.11%,1,0
Double,Liner,-,-,9L,2nd,3rd,12,  0.11%,0,0
Single,Liner,-,-,9L,1st,3rd,12,  0.11%,0,0
Generic out,Liner,-,-,3,Out,Out,12,  0.11%,2,0
Single,Liner,-,-,89S,1st,2nd,12,  0.11%,0,0
Single,Grounder,Y,-,25,1st,2nd,11,  0.10%,0,0
Double,Fly,-,-,89XD,2nd,3rd,11,  0.10%,0,0
Single,Grounder,Y,-,2,1st,2nd,11,  0.10%,0,0
Double,Liner,-,-,7LD,2nd,Score,11,  0.10%,0,1
Double,Liner,-,-,78D,2nd,3rd,11,  0.10%,0,0
Generic out,Fly,-,-,56D,Out,1st,11,  0.10%,1,0
Double,Liner,-,-,78XD,2nd,Score,11,  0.10%,0,1
Single,Liner,-,-,9,1st,3rd,11,  0.10%,0,0
Generic out,Pop-up,-,-,3D,Out,1st,11,  0.10%,1,0
Generic out,Fly,-,-,34D,Out,1st,11,  0.10%,1,0
Generic out,Liner,-,-,5,Out,1st,11,  0.10%,1,0
Single,Fly,-,-,89S,1st,2nd,11,  0.10%,0,0
Double,Fly,-,-,78XD,2nd,3rd,11,  0.10%,0,0
Double,Liner,-,-,7L,2nd,3rd,11,  0.10%,0,0
Double,Liner,-,-,9LS,2nd,3rd,11,  0.10%,0,0
Single,Liner,-,-,7LS,1st,2nd,11,  0.10%,0,0
Generic out,Pop-up,-,-,5,Out,1st,10,  0.09%,1,0
Generic out,Pop-up,-,-,4,Out,1st,10,  0.09%,1,0
Generic out,Liner,-,-,6D,Out,1st,10,  0.09%,1,0
Single,Liner,-,-,78D,1st,2nd,10,  0.09%,0,0
Fielder's choice,Grounder,-,-,4,1st,2nd,10,  0.09%,0,0
Single,Liner,-,-,7D,1st,2nd,9,  0.08%,0,0
Generic out,Fly,-,-,89S,Out,1st,9,  0.08%,1,0
Single,Fly,-,-,8,1st,2nd,9,  0.08%,0,0
Generic out,Liner,-,-,78XD,Out,1st,9,  0.08%,1,0
Generic out,Liner,-,-,4D,Out,1st,9,  0.08%,1,0
Single,Liner,-,-,9LS,1st,3rd,9,  0.08%,0,0
Generic out,Pop-up,-,Y,3DF,Out,1st,9,  0.08%,1,0
Single,Fly,-,-,8S,1st,2nd,9,  0.08%,0,0
Other advance,-,-,-,-,Stays,Out,9,  0.08%,1,0
Single,Grounder,-,-,6S,1st,2nd,9,  0.08%,0,0
Generic out,Liner,-,-,4,Out,1st,9,  0.08%,1,0
Double,Liner,-,-,7LS,2nd,3rd,8,  0.08%,0,0
Generic out,Grounder,-,-,4MS,Out,Out,8,  0.08%,2,0
Single,Grounder,-,-,25,1st,2nd,8,  0.08%,0,0
Generic out,Liner,-,-,34,Out,1st,8,  0.08%,1,0
Generic out,Pop-up,-,-,1S,Out,1st,8,  0.08%,1,0
Generic out,Grounder,-,-,6MS,Out,2nd,8,  0.08%,1,0
Generic out,Pop-up,-,-,4S,Out,1st,8,  0.08%,1,0
Single,Liner,-,-,9S,1st,3rd,8,  0.08%,0,0
Double,Liner,-,-,9LD,2nd,Score,8,  0.08%,0,1
Generic out,Grounder,Y,-,3S,Out,2nd,8,  0.08%,1,0
Generic out,Fly,-,-,6D,Out,1st,8,  0.08%,1,0
Double,Liner,-,-,89XD,2nd,Score,8,  0.08%,0,1
Generic out,Grounder,Y,-,34S,Out,2nd,8,  0.08%,1,0
Double,Liner,-,-,89D,2nd,3rd,7,  0.07%,0,0
Single,Fly,-,-,89,1st,2nd,7,  0.07%,0,0
Defensive indifference,-,-,-,-,Stays,2nd,7,  0.07%,0,0
Double,Fly,-,-,7LD,2nd,3rd,7,  0.07%,0,0
Generic out,Pop-up,-,-,3,Out,1st,7,  0.07%,1,0
Generic out,Grounder,-,-,6M,Out,2nd,7,  0.07%,1,0
Generic out,Fly,-,-,78XD,Out,2nd,7,  0.07%,1,0
Fielder's choice,Grounder,-,-,56,1st,2nd,7,  0.07%,0,0
Generic out,Pop-up,-,-,34S,Out,1st,7,  0.07%,1,0
Generic out,Pop-up,-,-,6S,Out,1st,7,  0.07%,1,0
Generic out,Pop-up,-,-,6MD,Out,1st,7,  0.07%,1,0
Double,Liner,-,-,7L,2nd,Score,7,  0.07%,0,1
Generic out,Grounder,-,-,2,1st,Out,7,  0.07%,1,0
Generic out,Liner,-,-,9L,Out,1st,7,  0.07%,1,0
Generic out,Grounder,-,-,34S,Out,Out,7,  0.07%,2,0
Double,Fly,-,-,8XD,2nd,3rd,7,  0.07%,0,0
Single,Grounder,-,-,56S,1st,2nd,7,  0.07%,0,0
Generic out,Grounder,-,-,6S,1st,Out,7,  0.07%,1,0
Home run,Liner,-,-,78XD,Score,Score,7,  0.07%,0,2
Single,Grounder,Y,-,23,1st,2nd,6,  0.06%,0,0
Double,Fly,-,-,9LD,2nd,3rd,6,  0.06%,0,0
Generic out,Grounder,-,-,1,Out,2nd,6,  0.06%,1,0
Generic out,Grounder,-,-,15,Out,2nd,6,  0.06%,1,0
Generic out,Pop-up,-,-,4MD,Out,1st,6,  0.06%,1,0
Single,Liner,-,-,9D,1st,3rd,6,  0.06%,0,0
Generic out,Grounder,-,-,1S,Out,Out,6,  0.06%,2,0
Generic out,Liner,-,-,6MD,Out,1st,6,  0.06%,1,0
Generic out,Pop-up,-,Y,25F,Out,1st,6,  0.06%,1,0
Double,Fly,-,-,9D,2nd,3rd,6,  0.06%,0,0
Single,Liner,-,-,89S,1st,3rd,6,  0.06%,0,0
Single,Grounder,-,-,34,2nd,3rd,6,  0.06%,0,0
Single,Liner,-,-,78,1st,3rd,6,  0.06%,0,0
Single,Liner,-,-,8D,1st,3rd,6,  0.06%,0,0
Interference,-,-,-,-,1st,2nd,6,  0.06%,0,0
Single,Fly,-,-,7S,1st,2nd,6,  0.06%,0,0
Generic out,Liner,-,-,7LD,Out,1st,6,  0.06%,1,0
Single,Liner,-,-,7LD,1st,2nd,5,  0.05%,0,0
Double,Liner,-,-,7D,2nd,3rd,5,  0.05%,0,0
Double,Liner,-,-,9D,2nd,3rd,5,  0.05%,0,0
Generic out,Grounder,-,-,4D,Out,Out,5,  0.05%,2,0
Single,Liner,-,-,9LS,1st,2nd,5,  0.05%,0,0
Triple,Liner,-,-,9LD,3rd,Score,5,  0.05%,0,1
Generic out,Fly,-,-,9LD,Out,2nd,5,  0.05%,1,0
Double,Fly,-,-,78XD,2nd,Score,5,  0.05%,0,1
Generic out,Fly,-,-,4D,Out,1st,5,  0.05%,1,0
Single,Grounder,-,-,5S,1st,2nd,5,  0.05%,0,0
Generic out,Liner,-,-,4,Out,Out,5,  0.05%,2,0
Single,Fly,-,-,7LS,1st,2nd,5,  0.05%,0,0
Single,Liner,-,-,78S,1st,3rd,5,  0.05%,0,0
Generic out,Pop-up,-,-,4M,Out,1st,5,  0.05%,1,0
Generic out,Fly,-,Y,9LSF,Out,1st,5,  0.05%,1,0
Generic out,Grounder,-,-,4S,Out,2nd,5,  0.05%,1,0
Single,Liner,-,-,3D,1st,3rd,5,  0.05%,0,0
Generic out,Grounder,-,-,1,1st,Out,5,  0.05%,1,0
Generic out,Grounder,-,-,4MD,Out,Out,5,  0.05%,2,0
Generic out,Grounder,-,-,5S,Out,Out,5,  0.05%,2,0
Generic out,Grounder,-,-,25,Out,2nd,5,  0.05%,1,0
Generic out,Fly,-,Y,9LF,Out,1st,5,  0.05%,1,0
Generic out,Pop-up,-,-,5D,Out,1st,5,  0.05%,1,0
Generic out,Grounder,-,-,13,Out,2nd,5,  0.05%,1,0
Generic out,Liner,-,-,34,Out,Out,5,  0.05%,2,0
Generic out,Pop-up,Y,Y,2F,Out,1st,5,  0.05%,1,0
Generic out,Grounder,-,-,6MS,Out,Out,5,  0.05%,2,0
Double,Fly,-,-,9L,2nd,3rd,5,  0.05%,0,0
Generic out,Liner,-,-,7L,Out,1st,5,  0.05%,1,0
Single,Grounder,-,-,6MS,1st,2nd,5,  0.05%,0,0
Generic out,Pop-up,-,-,6M,Out,1st,5,  0.05%,1,0
Single,Fly,-,-,78,1st,2nd,4,  0.04%,0,0
Generic out,Pop-up,-,-,56S,Out,1st,4,  0.04%,1,0
Double,Liner,-,-,7,2nd,3rd,4,  0.04%,0,0
Generic out,Grounder,-,-,4S,Out,Out,4,  0.04%,2,0
Generic out,Grounder,-,-,2,Out,Out,4,  0.04%,2,0
Double,Liner,-,-,9L,2nd,Score,4,  0.04%,0,1
Single,Grounder,Y,-,1S,1st,2nd,4,  0.04%,0,0
Double,Liner,-,-,9D,2nd,Score,4,  0.04%,0,1
Generic out,Grounder,-,-,5S,Out,2nd,4,  0.04%,1,0
Double,Grounder,-,-,4,2nd,3rd,4,  0.04%,0,0
Home run,Liner,-,-,7LD,Score,Score,4,  0.04%,0,2
Generic out,Grounder,-,-,4MS,1st,Out,4,  0.04%,1,0
Fielder's choice,Grounder,-,-,34,1st,2nd,4,  0.04%,0,0
Double,Liner,-,-,78D,2nd,Score,4,  0.04%,0,1
Generic out,Grounder,-,-,6D,1st,Out,4,  0.04%,1,0
Generic out,Grounder,Y,-,23,1st,Out,4,  0.04%,1,0
Pickoff,-,-,-,-,Stays,3rd,4,  0.04%,0,0
Single,Liner,-,-,8S,1st,3rd,4,  0.04%,0,0
Double,Fly,-,-,7D,2nd,3rd,4,  0.04%,0,0
Home run,Liner,-,-,7D,Score,Score,4,  0.04%,0,2
Generic out,Fly,-,Y,7LF,Out,1st,4,  0.04%,1,0
Generic out,Liner,-,-,4M,Out,1st,4,  0.04%,1,0
Generic out,Pop-up,-,-,3S,Out,1st,4,  0.04%,1,0
Generic out,Pop-up,-,-,89S,Out,1st,4,  0.04%,1,0
Generic out,Liner,-,-,4MD,Out,1st,4,  0.04%,1,0
Single,Liner,-,-,34D,1st,3rd,4,  0.04%,0,0
Fielder's choice,Grounder,-,-,34,1st,3rd,4,  0.04%,0,0
Home run,Liner,-,-,89XD,Score,Score,4,  0.04%,0,2
Double,Grounder,-,-,3,2nd,Score,4,  0.04%,0,1
Double,Fly,-,-,89XD,2nd,Score,4,  0.04%,0,1
Generic out,Fly,-,-,3D,Out,1st,4,  0.04%,1,0
Single,Liner,-,-,7L,1st,3rd,4,  0.04%,0,0
Fielder's choice,Grounder,-,-,3S,1st,2nd,4,  0.04%,0,0
Generic out,Liner,-,-,7S,Out,1st,4,  0.04%,1,0
Generic out,Pop-up,-,Y,5DF,Out,1st,4,  0.04%,1,0
Single,Fly,-,-,9S,1st,2nd,4,  0.04%,0,0
Error,Grounder,-,-,6,1st,2nd,4,  0.04%,0,0
Single,Grounder,-,-,1,1st,2nd,3,  0.03%,0,0
Generic out,Grounder,-,-,6MS,1st,Out,3,  0.03%,1,0
Fielder's choice,Grounder,-,-,56,1st,3rd,3,  0.03%,0,0
Generic out,Grounder,-,-,4M,Out,2nd,3,  0.03%,1,0
Generic out,Grounder,-,-,34D,1st,Out,3,  0.03%,1,0
Home run,Liner,-,-,9D,Score,Score,3,  0.03%,0,2
Single,Grounder,-,-,56,1st,3rd,3,  0.03%,0,0
Generic out,Fly,-,-,7LD,Out,2nd,3,  0.03%,1,0
Generic out,Liner,-,-,3,Out,1st,3,  0.03%,1,0
Generic out,Fly,-,Y,3DF,Out,1st,3,  0.03%,1,0
Single,Grounder,-,-,34,1st,Out,3,  0.03%,1,0
Generic out,Fly,-,-,5D,Out,1st,3,  0.03%,1,0
Home run,Liner,-,-,9LD,Score,Score,3,  0.03%,0,2
Generic out,Pop-up,-,-,23,Out,1st,3,  0.03%,1,0
Single,Fly,-,-,8,1st,3rd,3,  0.03%,0,0
Generic out,Liner,-,-,6M,Out,Out,3,  0.03%,2,0
Single,Grounder,-,-,2,1st,2nd,3,  0.03%,0,0
Fielder's choice,Grounder,-,-,1,1st,2nd,3,  0.03%,0,0
Generic out,Pop-up,-,-,34D,1st,Out,3,  0.03%,1,0
Generic out,Grounder,-,-,4MD,1st,Out,3,  0.03%,1,0
Generic out,Pop-up,-,-,6MS,Out,1st,3,  0.03%,1,0
Generic out,Grounder,-,-,13,1st,Out,3,  0.03%,1,0
Single,Grounder,-,-,34S,1st,2nd,3,  0.03%,0,0
Generic out,Fly,-,-,89XD,Out,2nd,3,  0.03%,1,0
Single,Liner,-,-,7LD,1st,3rd,3,  0.03%,0,0
Single,Fly,-,-,56D,1st,2nd,3,  0.03%,0,0
Generic out,Liner,-,-,9S,Out,1st,3,  0.03%,1,0
Generic out,Fly,-,Y,7LSF,Out,1st,3,  0.03%,1,0
Single,Liner,-,-,9L,1st,2nd,3,  0.03%,0,0
Generic out,Grounder,Y,-,15,Out,2nd,3,  0.03%,1,0
Fielder's choice,Grounder,Y,-,1S,1st,2nd,3,  0.03%,0,0
Generic out,Fly,-,-,7D,Out,2nd,3,  0.03%,1,0
Generic out,Grounder,-,-,6MD,1st,Out,3,  0.03%,1,0
Generic out,Grounder,-,-,56,2nd,Out,3,  0.03%,1,0
Double,Liner,-,-,8XD,2nd,Score,3,  0.03%,0,1
Generic out,Grounder,-,-,25,1st,Out,2,  0.02%,1,0
Double,Grounder,-,-,6,2nd,3rd,2,  0.02%,0,0
Fielder's choice,Grounder,-,-,34S,1st,2nd,2,  0.02%,0,0
Single,Fly,-,-,9LS,1st,2nd,2,  0.02%,0,0
Generic out,Grounder,-,-,34,2nd,Out,2,  0.02%,1,0
Single,Grounder,-,-,4,2nd,3rd,2,  0.02%,0,0
Generic out,Grounder,-,-,4D,1st,Out,2,  0.02%,1,0
Single,Grounder,-,-,4S,1st,2nd,2,  0.02%,0,0
Double,Fly,-,-,8XD,2nd,Score,2,  0.02%,0,1
Generic out,Grounder,Y,-,25,1st,Out,2,  0.02%,1,0
Double,Fly,-,-,7D,2nd,Score,2,  0.02%,0,1
Generic out,Pop-up,-,-,4,1st,Out,2,  0.02%,1,0
Generic out,Liner,-,-,56,Out,Out,2,  0.02%,2,0
Error,Grounder,-,-,5,1st,2nd,2,  0.02%,0,0
Single,Grounder,-,-,1S,1st,2nd,2,  0.02%,0,0
Generic out,Liner,-,-,1,Out,2nd,2,  0.02%,1,0
Generic out,Grounder,Y,-,13,Out,2nd,2,  0.02%,1,0
Triple,Liner,-,-,8XD,3rd,Score,2,  0.02%,0,1
Generic out,Pop-up,Y,-,23,Out,1st,2,  0.02%,1,0
Single,Liner,-,-,34D,1st,2nd,2,  0.02%,0,0
Error,Grounder,-,-,56S,1st,2nd,2,  0.02%,0,0
Generic out,Liner,-,-,5D,Out,1st,2,  0.02%,1,0
Generic out,Grounder,-,-,6,2nd,Out,2,  0.02%,1,0
Single,Fly,-,-,3D,1st,2nd,2,  0.02%,0,0
Generic out,Liner,-,-,4MD,Out,Out,2,  0.02%,2,0
Triple,Liner,-,-,78XD,3rd,Score,2,  0.02%,0,1
Generic out,Fly,-,-,6MD,Out,1st,2,  0.02%,1,0
Double,Liner,-,-,89,2nd,3rd,2,  0.02%,0,0
Double,Liner,-,-,8XD,2nd,3rd,2,  0.02%,0,0
Generic out,Liner,-,-,1S,Out,2nd,2,  0.02%,1,0
Triple,Fly,-,-,9D,3rd,Score,2,  0.02%,0,1
Fielder's choice,Grounder,-,-,6,2nd,3rd,2,  0.02%,0,0
Double,Liner,-,-,8D,2nd,3rd,2,  0.02%,0,0
Generic out,Grounder,-,-,6MD,Out,Out,2,  0.02%,2,0
Generic out,Pop-up,Y,Y,3SF,Out,1st,2,  0.02%,1,0
Triple,Liner,-,-,89D,3rd,Score,2,  0.02%,0,1
Generic out,Grounder,Y,-,2,1st,Out,2,  0.02%,1,0
Generic out,Grounder,-,-,5S,1st,Out,2,  0.02%,1,0
Generic out,Grounder,Y,-,6S,Out,2nd,2,  0.02%,1,0
Triple,Fly,-,-,78XD,3rd,Score,2,  0.02%,0,1
Single,Fly,-,-,9LD,1st,2nd,2,  0.02%,0,0
Double,Liner,-,-,89XD,2nd,Out,2,  0.02%,1,0
Single,Grounder,-,-,4M,1st,Out,2,  0.02%,1,0
Triple,Fly,-,-,8XD,3rd,Score,2,  0.02%,0,1
Generic out,Grounder,-,-,56D,Out,Out,2,  0.02%,2,0
Generic out,Liner,-,-,9,Out,Out,2,  0.02%,2,0
Single,Fly,-,-,5D,1st,2nd,2,  0.02%,0,0
Generic out,Grounder,-,-,4S,1st,Out,2,  0.02%,1,0
Double,Liner,-,-,7LD,3rd,Score,2,  0.02%,0,1
Double,Fly,-,-,7L,2nd,3rd,2,  0.02%,0,0
Single,Liner,-,-,7L,1st,Out,2,  0.02%,1,0
Triple,Fly,-,-,89XD,3rd,Score,2,  0.02%,0,1
Single,Grounder,-,-,6M,2nd,3rd,2,  0.02%,0,0
Double,Grounder,-,-,56,2nd,3rd,2,  0.02%,0,0
Single,Liner,-,-,9LS,3rd,Score,2,  0.02%,0,1
Generic out,Liner,-,-,4MS,Out,Out,2,  0.02%,2,0
Caught stealing,-,-,-,-,Stays,2nd,2,  0.02%,0,0
Generic out,Grounder,-,-,4D,Out,2nd,2,  0.02%,1,0
Generic out,Liner,-,-,78,Out,Out,2,  0.02%,2,0
Fielder's choice,Grounder,-,-,6,1st,3rd,2,  0.02%,0,0
Generic out,Grounder,Y,-,5S,Out,2nd,2,  0.02%,1,0
Generic out,Grounder,Y,-,1S,1st,Out,2,  0.02%,1,0
Generic out,Fly,-,-,4MD,Out,1st,2,  0.02%,1,0
Generic out,Fly,-,-,78,1st,Out,2,  0.02%,1,0
Generic out,Pop-up,Y,-,1S,Out,1st,2,  0.02%,1,0
Fielder's choice,Grounder,Y,-,2,2nd,3rd,2,  0.02%,0,0
Generic out,Grounder,Y,-,1,Out,2nd,2,  0.02%,1,0
Single,Grounder,Y,-,56S,1st,2nd,2,  0.02%,0,0
Single,Grounder,-,-,13,1st,2nd,2,  0.02%,0,0
Fielder's choice,Grounder,-,-,56,2nd,3rd,2,  0.02%,0,0
Generic out,Liner,-,-,56D,Out,1st,2,  0.02%,1,0
Generic out,Pop-up,-,-,2,Out,1st,2,  0.02%,1,0
Generic out,Pop-up,-,-,15,Out,1st,2,  0.02%,1,0
Generic out,Liner,-,-,34D,Out,1st,2,  0.02%,1,0
Single,Fly,-,-,7,1st,2nd,2,  0.02%,0,0
Generic out,Grounder,-,-,4,2nd,Out,2,  0.02%,1,0
Single,Grounder,-,-,5,1st,3rd,2,  0.02%,0,0
Fielder's choice,Grounder,-,-,4,1st,3rd,2,  0.02%,0,0
Generic out,Liner,-,-,6M,Out,1st,2,  0.02%,1,0
Double,Liner,-,-,89D,2nd,Score,2,  0.02%,0,1
Double,Grounder,-,-,34,2nd,3rd,2,  0.02%,0,0
Single,Fly,-,-,9LS,1st,3rd,2,  0.02%,0,0
Single,Liner,-,-,7,1st,3rd,2,  0.02%,0,0
Single,Liner,-,-,8,3rd,Score,2,  0.02%,0,1
Triple,Liner,-,-,9L,3rd,Score,2,  0.02%,0,1
Generic out,Grounder,-,-,56S,2nd,Out,2,  0.02%,1,0
Generic out,Pop-up,Y,-,3S,Out,1st,2,  0.02%,1,0
Single,Liner,-,-,8XD,1st,3rd,1,  0.01%,0,0
Double,Liner,-,-,7L,3rd,Score,1,  0.01%,0,1
Single,Liner,-,-,78,2nd,Out,1,  0.01%,1,0
Double,Liner,-,-,89,2nd,Out,1,  0.01%,1,0
Double,Liner,-,-,7S,2nd,Score,1,  0.01%,0,1
Generic out,Liner,Y,-,1S,Out,1st,1,  0.01%,1,0
Fielder's choice,Grounder,-,-,13,2nd,3rd,1,  0.01%,0,0
Single,Liner,-,-,7L,2nd,3rd,1,  0.01%,0,0
Single,Liner,-,-,89XD,Out,3rd,1,  0.01%,1,0
Double,Liner,-,-,78,2nd,Out,1,  0.01%,1,0
Generic out,Pop-up,-,-,4M,1st,Out,1,  0.01%,1,0
Single,Grounder,-,-,5,2nd,Out,1,  0.01%,1,0
Double,Fly,-,-,7LD,2nd,Out,1,  0.01%,1,0
Single,Pop-up,-,-,3D,1st,2nd,1,  0.01%,0,0
Generic out,Pop-up,-,-,34S,1st,Out,1,  0.01%,1,0
Error,Grounder,-,-,1S,1st,2nd,1,  0.01%,0,0
Generic out,Fly,-,-,89,Out,Out,1,  0.01%,2,0
Foul error,Pop-up,-,Y,-,Stays,1st,1,  0.01%,0,0
Single,Liner,-,-,15,1st,2nd,1,  0.01%,0,0
Generic out,Grounder,-,-,25,Out,Out,1,  0.01%,2,0
Error,Grounder,-,-,4S,1st,2nd,1,  0.01%,0,0
Double,Fly,-,-,3D,2nd,3rd,1,  0.01%,0,0
Single,Liner,-,-,9,2nd,3rd,1,  0.01%,0,0
Single,Grounder,-,-,3,3rd,Score,1,  0.01%,0,1
Single,Fly,-,-,7S,1st,3rd,1,  0.01%,0,0
Double,Fly,-,-,7LD,2nd,Score,1,  0.01%,0,1
Generic out,Pop-up,-,-,78S,Out,1st,1,  0.01%,1,0
Single,Fly,-,-,9D,Out,3rd,1,  0.01%,1,0
Fielder's choice,Grounder,-,-,8S,1st,3rd,1,  0.01%,0,0
Other advance,-,-,-,-,Stays,3rd,1,  0.01%,0,0
Double,Liner,-,-,9,2nd,Score,1,  0.01%,0,1
Generic out,Grounder,-,-,34D,Out,2nd,1,  0.01%,1,0
Single,Liner,-,-,7L,2nd,Out,1,  0.01%,1,0
Generic out,Fly,-,-,9D,Out,Out,1,  0.01%,2,0
Triple,Fly,-,-,9LD,3rd,Score,1,  0.01%,0,1
Single,Grounder,-,-,6,2nd,3rd,1,  0.01%,0,0
Single,Liner,-,-,78,Out,3rd,1,  0.01%,1,0
Generic out,Liner,-,-,6S,Out,1st,1,  0.01%,1,0
Generic out,Fly,-,-,78D,Out,2nd,1,  0.01%,1,0
Single,Liner,-,-,89S,2nd,Out,1,  0.01%,1,0
Generic out,Grounder,-,-,3,2nd,Out,1,  0.01%,1,0
Generic out,Liner,-,-,9,1st,Out,1,  0.01%,1,0
Generic out,Liner,-,-,9D,Out,Out,1,  0.01%,2,0
Single,Grounder,Y,-,34S,1st,2nd,1,  0.01%,0,0
Generic out,Pop-up,Y,-,3,Out,1st,1,  0.01%,1,0
Double,Fly,-,-,78D,3rd,Score,1,  0.01%,0,1
Double,Liner,-,-,89XD,Score,Score,1,  0.01%,0,2
Double,Fly,-,-,7,2nd,Score,1,  0.01%,0,1
Single,Grounder,-,-,25,2nd,3rd,1,  0.01%,0,0
Double,Fly,-,-,9LS,2nd,3rd,1,  0.01%,0,0
Generic out,Pop-up,-,-,4D,1st,Out,1,  0.01%,1,0
Single,Fly,-,-,78S,1st,Out,1,  0.01%,1,0
Generic out,Pop-up,-,-,9S,1st,Out,1,  0.01%,1,0
Generic out,Fly,-,-,7LS,Out,Out,1,  0.01%,2,0
Single,Grounder,Y,-,4S,1st,3rd,1,  0.01%,0,0
Single,Grounder,Y,-,5S,1st,2nd,1,  0.01%,0,0
Single,Liner,-,-,9,1st,Out,1,  0.01%,1,0
Generic out,Grounder,Y,-,56S,Out,2nd,1,  0.01%,1,0
Generic out,Grounder,-,-,3,Out,3rd,1,  0.01%,1,0
Generic out,Pop-up,-,-,5S,Out,1st,1,  0.01%,1,0
Fielder's choice,Grounder,-,-,34,2nd,Score,1,  0.01%,0,1
Single,Grounder,-,-,5,2nd,Score,1,  0.01%,0,1
Fielder's choice,Grounder,-,-,34,2nd,3rd,1,  0.01%,0,0
Error,Fly,-,-,78D,2nd,3rd,1,  0.01%,0,0
Double,Fly,-,-,78D,2nd,3rd,1,  0.01%,0,0
Generic out,Grounder,-,-,6S,Out,3rd,1,  0.01%,1,0
Fielder's choice,Grounder,-,-,5,1st,2nd,1,  0.01%,0,0
Generic out,Pop-up,-,Y,5F,Out,2nd,1,  0.01%,1,0
Single,Liner,-,-,89,Out,2nd,1,  0.01%,1,0
Generic out,Liner,-,-,9S,Out,Out,1,  0.01%,2,0
Single,Grounder,Y,-,15,1st,2nd,1,  0.01%,0,0
Generic out,Liner,-,-,13,Out,Out,1,  0.01%,2,0
Generic out,Pop-up,-,-,56S,1st,Out,1,  0.01%,1,0
Generic out,Grounder,-,-,5S,Out,3rd,1,  0.01%,1,0
Single,Grounder,Y,-,34,1st,2nd,1,  0.01%,0,0
Fielder's choice,Grounder,-,-,6M,1st,Out,1,  0.01%,1,0
Generic out,Liner,-,-,3S,Out,Out,1,  0.01%,2,0
Generic out,Pop-up,-,-,7LS,Out,1st,1,  0.01%,1,0
Fielder's choice,Grounder,-,-,56S,1st,2nd,1,  0.01%,0,0
Generic out,Pop-up,-,-,9S,Out,Out,1,  0.01%,2,0
Generic out,Liner,-,-,34S,Out,Out,1,  0.01%,2,0
Generic out,Fly,-,Y,7LF,Out,2nd,1,  0.01%,1,0
Walk,-,-,-,-,1st,3rd,1,  0.01%,0,0
Double,Fly,-,-,7LD,3rd,Score,1,  0.01%,0,1
Single,Liner,-,-,9LD,1st,3rd,1,  0.01%,0,0
Generic out,Liner,-,-,1,1st,Out,1,  0.01%,1,0
Fielder's choice,Grounder,Y,-,23,2nd,3rd,1,  0.01%,0,0
Generic out,Pop-up,Y,-,13,1st,Out,1,  0.01%,1,0
Single,Pop-up,-,-,56D,1st,2nd,1,  0.01%,0,0
Generic out,Liner,-,-,13,Out,2nd,1,  0.01%,1,0
Double,Grounder,-,-,5,3rd,Score,1,  0.01%,0,1
Fielder's choice,Grounder,-,-,3S,2nd,3rd,1,  0.01%,0,0
Fielder's choice,Grounder,-,-,1S,1st,3rd,1,  0.01%,0,0
Generic out,Fly,-,-,7D,Out,Out,1,  0.01%,2,0
Single,Fly,-,-,7LS,1st,3rd,1,  0.01%,0,0
Single,Pop-up,-,-,23,1st,2nd,1,  0.01%,0,0
Single,Liner,-,-,8S,2nd,Score,1,  0.01%,0,1
Single,Fly,-,-,89S,2nd,3rd,1,  0.01%,0,0
Generic out,Grounder,-,-,6D,Out,2nd,1,  0.01%,1,0
Double,Liner,-,-,7LD,Out,Score,1,  0.01%,1,1
Single,Grounder,-,-,3,1st,Out,1,  0.01%,1,0
Generic out,Fly,-,-,56,Out,1st,1,  0.01%,1,0
Generic out,Fly,-,-,78S,1st,Out,1,  0.01%,1,0
Single,Liner,-,-,78S,2nd,3rd,1,  0.01%,0,0
Double,Liner,-,-,7,2nd,Out,1,  0.01%,1,0
Single,Pop-up,-,-,8S,1st,2nd,1,  0.01%,0,0
Generic out,Grounder,-,-,15,1st,Out,1,  0.01%,1,0
Single,Liner,-,-,78,1st,Out,1,  0.01%,1,0
Generic out,Fly,-,-,89XD,Out,Out,1,  0.01%,2,0
Generic out,Fly,-,-,8XD,Out,Out,1,  0.01%,2,0
Single,Pop-up,-,-,1S,1st,2nd,1,  0.01%,0,0
Generic out,Grounder,-,-,-,1st,Out,1,  0.01%,1,0
Generic out,Grounder,-,-,23,1st,Out,1,  0.01%,1,0
Single,Liner,-,-,6,1st,2nd,1,  0.01%,0,0
Triple,Liner,-,-,9LS,3rd,Score,1,  0.01%,0,1
Single,Liner,-,-,1S,1st,2nd,1,  0.01%,0,0
Generic out,Grounder,-,-,5D,Out,2nd,1,  0.01%,1,0
Error,Pop-up,-,-,34,1st,2nd,1,  0.01%,0,0
Single,Grounder,-,-,34S,1st,3rd,1,  0.01%,0,0
Single,Grounder,-,-,34S,2nd,Score,1,  0.01%,0,1
Generic out,Liner,-,-,34D,Out,Out,1,  0.01%,2,0
Generic out,Liner,-,Y,3F,Out,1st,1,  0.01%,1,0
Generic out,Grounder,-,-,1S,Out,3rd,1,  0.01%,1,0
Single,Grounder,-,-,6,1st,Out,1,  0.01%,1,0
Double,Liner,-,-,5D,2nd,3rd,1,  0.01%,0,0
Double,Liner,-,-,7LS,2nd,Score,1,  0.01%,0,1
Double,Liner,-,-,89D,2nd,Out,1,  0.01%,1,0
Generic out,Grounder,Y,-,34S,1st,Out,1,  0.01%,1,0
Generic out,Pop-up,-,Y,23F,Out,Out,1,  0.01%,2,0
Single,Fly,-,-,89XD,Out,3rd,1,  0.01%,1,0
Single,Liner,-,-,89D,Out,3rd,1,  0.01%,1,0
Generic out,Fly,-,-,9S,1st,Out,1,  0.01%,1,0
Generic out,Liner,-,-,8D,1st,Out,1,  0.01%,1,0
Single,Pop-up,-,-,3D,1st,3rd,1,  0.01%,0,0
Generic out,Grounder,-,-,3,Out,1st,1,  0.01%,1,0
Single,Pop-up,-,-,7LS,1st,Out,1,  0.01%,1,0
Error,Grounder,-,-,4M,1st,2nd,1,  0.01%,0,0
Generic out,Pop-up,Y,-,1,Out,1st,1,  0.01%,1,0
Single,Pop-up,-,-,34D,1st,2nd,1,  0.01%,0,0
Single,Grounder,-,-,4MS,1st,3rd,1,  0.01%,0,0
Fielder's choice,Grounder,-,-,34S,1st,3rd,1,  0.01%,0,0
Generic out,Grounder,-,-,4MS,Out,2nd,1,  0.01%,1,0
Single,Grounder,-,-,15,1st,2nd,1,  0.01%,0,0
Generic out,Grounder,-,-,56S,Out,3rd,1,  0.01%,1,0
Generic out,Liner,-,-,56S,Out,1st,1,  0.01%,1,0
Error,Grounder,-,-,15,1st,2nd,1,  0.01%,0,0
Fielder's choice,Grounder,-,-,1,1st,3rd,1,  0.01%,0,0
Single,Fly,-,-,8,2nd,3rd,1,  0.01%,0,0
Generic out,Grounder,-,-,2,Out,1st,1,  0.01%,1,0
Single,Liner,-,-,9D,1st,2nd,1,  0.01%,0,0
Double,Liner,-,-,78,2nd,3rd,1,  0.01%,0,0
Double,Liner,-,-,2,2nd,3rd,1,  0.01%,0,0
Home run,Liner,-,-,8XD,Score,Score,1,  0.01%,0,2
Fielder's choice,Grounder,-,-,4MD,1st,2nd,1,  0.01%,0,0
Generic out,Grounder,-,-,1S,2nd,Out,1,  0.01%,1,0
Generic out,Liner,-,-,6MD,Out,Out,1,  0.01%,2,0
Fielder's choice,Grounder,-,-,3S,1st,3rd,1,  0.01%,0,0
Single,Liner,-,-,4D,1st,2nd,1,  0.01%,0,0
Fielder's choice,Grounder,-,-,3,1st,2nd,1,  0.01%,0,0
Generic out,Fly,-,-,8,Out,Out,1,  0.01%,2,0
Generic out,Pop-up,-,-,13,Out,1st,1,  0.01%,1,0
Fielder's choice,Grounder,-,-,6S,1st,2nd,1,  0.01%,0,0
Single,Grounder,-,-,6S,1st,3rd,1,  0.01%,0,0
Double,Liner,-,-,6M,2nd,3rd,1,  0.01%,0,0
Generic out,Fly,-,-,7LS,Out,2nd,1,  0.01%,1,0
Single,Fly,-,-,89XD,1st,3rd,1,  0.01%,0,0
Generic out,Pop-up,-,Y,23F,Out,1st,1,  0.01%,1,0
Single,Liner,-,-,5D,1st,2nd,1,  0.01%,0,0
Single,Grounder,-,-,2,1st,Score,1,  0.01%,0,1
Generic out,Grounder,-,-,34D,Out,Out,1,  0.01%,2,0
Fielder's choice,Grounder,-,-,56S,1st,3rd,1,  0.01%,0,0
Double,Fly,-,-,9LD,2nd,Score,1,  0.01%,0,1
Single,Fly,-,-,9S,1st,3rd,1,  0.01%,0,0
Generic out,Liner,-,-,8,Out,Out,1,  0.01%,2,0
Single,Liner,-,-,78D,2nd,3rd,1,  0.01%,0,0
Generic out,Fly,-,Y,7LDF,Out,2nd,1,  0.01%,1,0
Generic out,Liner,Y,-,23,Out,1st,1,  0.01%,1,0
Single,Liner,-,-,8S,2nd,3rd,1,  0.01%,0,0
Fielder's choice,Grounder,-,-,15,1st,2nd,1,  0.01%,0,0
Generic out,Pop-up,-,Y,5DF,Out,2nd,1,  0.01%,1,0
Single,Fly,-,-,8S,1st,3rd,1,  0.01%,0,0
Single,Fly,-,-,3D,1st,3rd,1,  0.01%,0,0
Double,Liner,-,-,9,2nd,3rd,1,  0.01%,0,0
Generic out,Pop-up,-,Y,7LSF,Out,1st,1,  0.01%,1,0
Fielder's choice,Grounder,-,-,3,2nd,3rd,1,  0.01%,0,0
Single,Grounder,-,-,3S,1st,2nd,1,  0.01%,0,0
Single,Liner,-,-,78D,Out,3rd,1,  0.01%,1,0
Single,Liner,-,-,78,1st,Score,1,  0.01%,0,1
Double,Grounder,-,-,3,3rd,Score,1,  0.01%,0,1
Generic out,Pop-up,-,-,4,Out,Out,1,  0.01%,2,0
Generic out,Grounder,-,-,3D,1st,Out,1,  0.01%,1,0
Generic out,Pop-up,Y,-,1S,1st,Out,1,  0.01%,1,0
Single,Grounder,-,-,5,2nd,3rd,1,  0.01%,0,0
Generic out,Pop-up,-,-,8S,Out,1st,1,  0.01%,1,0
Single,Pop-up,-,-,6MD,1st,2nd,1,  0.01%,0,0
Generic out,Grounder,Y,-,4S,Out,2nd,1,  0.01%,1,0
Double,Liner,-,-,89,2nd,Score,1,  0.01%,0,1
Single,Grounder,Y,-,2,1st,3rd,1,  0.01%,0,0
Generic out,Liner,-,-,89,1st,Out,1,  0.01%,1,0
Generic out,Fly,-,-,89S,1st,Out,1,  0.01%,1,0
Generic out,Pop-up,Y,-,13,Out,1st,1,  0.01%,1,0
Error,Grounder,-,-,34,1st,2nd,1,  0.01%,0,0
Error,Grounder,-,-,3S,1st,2nd,1,  0.01%,0,0
Generic out,Pop-up,-,Y,3SF,Out,Out,1,  0.01%,2,0
Generic out,Pop-up,-,Y,3F,Out,Out,1,  0.01%,2,0
Single,Fly,-,-,7L,1st,3rd,1,  0.01%,0,0
Single,Grounder,-,-,4MS,1st,2nd,1,  0.01%,0,0
Fielder's choice,Grounder,-,-,4MS,1st,2nd,1,  0.01%,0,0
Error,Pop-up,-,-,56D,1st,2nd,1,  0.01%,0,0
Triple,Liner,-,-,89XD,3rd,Score,1,  0.01%,0,1
Single,Grounder,-,-,4M,2nd,3rd,1,  0.01%,0,0
Single,Fly,-,-,9,1st,3rd,1,  0.01%,0,0
Foul error,Fly,-,Y,-,Stays,1st,1,  0.01%,0,0
Single,Liner,-,-,7S,1st,3rd,1,  0.01%,0,0
Error,Grounder,-,-,2,1st,2nd,1,  0.01%,0,0
Fielder's choice,Grounder,Y,-,23,1st,2nd,1,  0.01%,0,0
Double,Liner,-,-,7S,2nd,3rd,1,  0.01%,0,0
Triple,Grounder,-,-,3,3rd,Score,1,  0.01%,0,1
Fielder's choice,Grounder,-,-,6,2nd,Score,1,  0.01%,0,1
Generic out,Pop-up,Y,-,15,Out,1st,1,  0.01%,1,0
Double,Fly,-,-,8XD,3rd,Score,1,  0.01%,0,1
Generic out,Pop-up,-,Y,5F,Out,Out,1,  0.01%,2,0
Single,Liner,-,-,89,1st,Out,1,  0.01%,1,0
Single,Grounder,-,-,56,2nd,3rd,1,  0.01%,0,0
Single,Liner,-,-,9L,1st,Out,1,  0.01%,1,0
Error,Fly,-,-,7L,2nd,3rd,1,  0.01%,0,0
Generic out,Grounder,-,-,4M,Out,3rd,1,  0.01%,1,0
Generic out,Pop-up,-,-,9LS,Out,1st,1,  0.01%,1,0
Strikeout,-,-,-,-,Out,3rd,1,  0.01%,1,0
Single,Liner,-,-,89S,1st,Score,1,  0.01%,0,1
Double,Grounder,-,-,5,2nd,Out,1,  0.01%,1,0
Single,Grounder,-,-,6MS,1st,3rd,1,  0.01%,0,0
Generic out,Grounder,-,-,15,Out,Out,1,  0.01%,2,0
Fielder's choice,Grounder,Y,-,2,1st,2nd,1,  0.01%,0,0
Generic out,Liner,-,-,56,1st,Out,1,  0.01%,1,0
Double,Grounder,-,-,6M,2nd,3rd,1,  0.01%,0,0
Generic out,Pop-up,Y,-,2,Out,1st,1,  0.01%,1,0
Single,Liner,-,-,9LD,2nd,3rd,1,  0.01%,0,0
Generic out,Fly,-,Y,5DF,Out,1st,1,  0.01%,1,0
Generic out,Liner,-,-,6S,1st,Out,1,  0.01%,1,0
Generic out,Grounder,-,-,6MD,Out,2nd,1,  0.01%,1,0
Double,Fly,-,-,9D,2nd,Out,1,  0.01%,1,0
Generic out,Fly,-,-,7LD,Out,Out,1,  0.01%,2,0
Fielder's choice,Grounder,-,-,7S,1st,2nd,1,  0.01%,0,0
Single,Liner,-,-,9S,3rd,Score,1,  0.01%,0,1
Intentional walk,-,-,-,-,1st,2nd,1,  0.01%,0,0
Double,Fly,-,-,89D,2nd,3rd,1,  0.01%,0,0
Generic out,Liner,-,-,4D,Out,Out,1,  0.01%,2,0
Error,Grounder,-,-,23,1st,2nd,1,  0.01%,0,0
Double,Liner,-,-,7D,2nd,Score,1,  0.01%,0,1
Single,Fly,-,-,7L,1st,2nd,1,  0.01%,0,0
Generic out,Pop-up,-,-,25,Out,1st,1,  0.01%,1,0
Error,Grounder,-,-,1,1st,2nd,1,  0.01%,0,0
Error,Grounder,-,-,9L,2nd,3rd,1,  0.01%,0,0
Generic out,Fly,-,-,78XD,Out,Out,1,  0.01%,2,0
Double,Fly,-,-,8D,2nd,Score,1,  0.01%,0,1
Single,Fly,-,-,78S,2nd,3rd,1,  0.01%,0,0
Double,Liner,-,-,78,2nd,Score,1,  0.01%,0,1
Single,Liner,-,-,78XD,1st,3rd,1,  0.01%,0,0
Single,Grounder,-,-,6MS,1st,Out,1,  0.01%,1,0
Fielder's choice,Grounder,Y,-,3S,1st,2nd,1,  0.01%,0,0
Generic out,Fly,-,-,9D,Out,2nd,1,  0.01%,1,0
